ID_Number,SampleID (field),Inventory,Recorder,Date,Time,Season,General_Loc,Biszone,Lat,Long,Species,Shipping Date,SampleID (lab),ExtractionKitNumber,Extracted by,Extraction date,Extraction notes (appearance of samples etc.),DNA Plate Well,trnL P6 PCR by,trnL P6 PCR date,P6 PCR notes,P6 Sequencing Date,Samples to include for Farr 2024 manuscript
41,BHS:41,Y,"JF, NB",2001-08-22,20:30,Summer,Hat Mountain,N,51.7659761,-115.5772317,BighornSheep,Nov 8 2023,41,ACJ20240118,BLC,20240118,,,BLC,20240122,,20240304,Include
52,BHS:52,Y,JF,26-7-2022,12:30,Summer,Divide,Y,51.721733,-115.9324695,BighornSheep,Nov 8 2023,52,ACJ20240219,ACJ,20240219,magbead protocol,6G,ACJ,20240221,,20240304,Include
57,BHS:57,Y,JF & DW,25-6-2022,15:00,Spring,Winy sincline across from cabin,Y,51.546124,-115.727628,BighornSheep,Nov 8 2023,57,BLC20220827,ACJ,20240207,magbead protocol,10H,ACJ,20240208/20240214,,20240304,Include
61,BHS:61,Y,JF,27-6-2022,16:25,Spring,Middle Panther Saltlick,Y,51.59211,-115.655099,BighornSheep,Nov 8 2023,61,BLC20220827,ACJ,20240207,magbead protocol,8G,ACJ,20240208/20240214,,20240304,Include
62,BHS:62,Y,"JF, NB",2001-08-22,20:30,Summer,Hat Mountain,N,51.7659762,-115.5772317,BighornSheep,Nov 8 2023,62,ACJ20240118,"BLC, ACJ","20240118, 20240119",III-HRC filter failed so need to rerun extraction for this sample; rextracted successfully,,BLC,20240122,,20240304,Include
92,BHS:92,Y,JF,2002-06-23,14:50,Spring,Sheep Split,N,51.171253,-115.69991,BighornSheep,Nov 8 2023,92,ACJ20240125,ACJ,20240125,added more DNA/RNA shield (400 uL),,ACJ,20240129 & 20240212,,20240304,Include
101,BHS:101,Y,"JF, DW",2009-01-23,13:05,Winter,Middle Panther,Y,51.6024975,-115.639845,BighornSheep,Nov 8 2023,101,BLC20220827; ACJ20240131,ACJ,20240207; 20240429, magbead protocol first extraction; second extraction with tubes (added more DNA/RNA shield),4G,ACJ,20240208/20240214/20240501,no show; banded on latest PCR date,July 2024 Shipment,Include
102,BHS:102,Y,"JF, DW",2009-01-23,12:50,Winter,Middle Panther,Y,51.602353,-115.639529,BighornSheep,Nov 8 2023,102,ACJ20240219,ACJ,20240219,magbead protocol,5B,ACJ,20240221,,20240304,Include
106,BHS:106,Y,"JF, DW",2009-01-23,14:30,Winter,Middle Panther,Y,51.5994033,-115.6439211,BighornSheep,Nov 8 2023,106,BLC20220827,ACJ,20240207,magbead protocol,6E,ACJ,20240208/20240214,,20240304,Include
114,BHS:114,Y,"JF, DW",2009-01-23,13:05,Winter,Middle Panther,Y,51.60247,-115.63987,BighornSheep,Nov 8 2023,114,BLC20220827,ACJ,20240207,magbead protocol,2H,ACJ,20240208/20240214/20240227/20240229,no show on first two dates; banding after additional cleaning; use PCR product from 20240229,20240304,Include
120,BHS:120,Y,"JF, BG",2011-01-23,13:30,Winter,Hat Mountain,N,51.765337,-115.572079,BighornSheep,Nov 8 2023,120,ACJ20240219,ACJ,20240219,magbead protocol,6C,ACJ,20240221,,20240304,Include
121,BHS:121,Y,BG,2011-01-23,13:00,Winter,Hat Mountain,N,51.76534,-115.572137,BighornSheep,Nov 8 2023,121,BLC20220827,ACJ,20240207,magbead protocol,1E,ACJ,20240208/20240214,,20240304,Include
122,BHS:122,Y,"JF, BG",2011-01-23,13:00,Winter,Hat Mountain,N,51.765343,-115.5732137,BighornSheep,Nov 8 2023,122,BLC20220827,ACJ,20240207,magbead protocol,5C,ACJ,20240208/20240214,,20240304,Include
124,BHS:124,Y,"JF, BG",2011-01-23,13:33,Winter,Hat Mountain,N,51.7653031,-115.572713,BighornSheep,Nov 8 2023,124,ACJ20240219,ACJ,20240219,magbead protocol,11H,ACJ,20240221,,20240304,Include
125,BHS:125,Y,JF,2011-01-23,13:10,Winter,Hat Mountain,N,51.7653434,-115.5720812,BighornSheep,Nov 8 2023,125,BLC20220827,ACJ,20240207,magbead protocol,7B,ACJ,20240208/20240214,,20240304,Include
127,BHS:127,Y,BG,2011-01-23,13:30,Winter,Hat Mountain,N,51.7653412,-115.572843,BighornSheep,Nov 8 2023,127,ACJ20240219,ACJ,20240219,magbead protocol,3F,ACJ,20240221,,20240304,Include
128,BHS:128,Y,BG,2011-01-23,13:10,Winter,Hat Mountain,N,51.7653564,-115.5725043,BighornSheep,Nov 8 2023,128,ACJ20240219,ACJ,20240219,magbead protocol,3E,ACJ,20240221,faint,20240304,Include
139.1,BHS: 139,Y,JF,2002-06-23,14:50,Spring,Sheep Split,N,51.171251,-115.699916,BighornSheep,Nov 8 2023,139.1,ACJ20240219,ACJ,20240219,"139 was duplicated in metadata. ""139.1"" written on sample tube. Changed ID number in metadata to match sample tube (BLC 01/29/24); magbead protocol",11F,ACJ,20240221,,20240304,Include
143,BHS:143,Y,BG,15-3-2023,14:40,Winter,Labyrinth Burn,N,51.670889,-115.430409,BighornSheep,Nov 8 2023,143,ACJ20240219; 20240131,ACJ,20240219; 20240429,magbead protocol,8F,ACJ,20240221/20240501,no show; banding on latest PCR date,July 2024 Shipment,Include
145,FH:145,Y,BG,15-3-2023,12:15,Winter,Labyrinth Burn,N,51.661789,-115.407489,BighornSheep,Nov 8 2023,145,ACJ20240125,ACJ,20240130,added extra DNA/RNA shield,,ACJ,20240201,,20240304,Include
146,BHS:146,Y,BG,15-3-2023,14:26,Winter,Labyrinth Burn,N,51.669889,-115.423317,BighornSheep,Nov 8 2023,146,ACJ20240125,ACJ,20240130,added extra DNA/RNA shield,,ACJ,20240201,faint,20240304,Include
148,BHS:148,Y,BG,15-3-2023,13:55,Winter,Labyrinth Burn,N,51.669249,-115.427209,BighornSheep,Nov 8 2023,148,ACJ20240125,ACJ,20240130,,,ACJ,20240201,,20240304,Include
149,BHS:149,Y,BG,15-3-2023,14:10,Winter,Labyrinth Burn,N,51.669737,-115.426943,BighornSheep,Nov 8 2023,149,ACJ20240219; 20240131,ACJ,20240219; 20240429,magbead protocol; second extraction with tubes (added extra DNA/RNA shield),5F,ACJ,20240221/20240501,no show; banding on latest PCR date,July 2024 Shipment,Include
150,BHS:150,Y,BG,15-3-2023,14:35,Winter,Labyrinth Burn,N,51.670937,-115.430244,BighornSheep,Nov 8 2023,150,ACJ20240219; 20240131,ACJ,20240219; 20240429,magbead protocol; second extraction with tubes (added extra DNA/RNA shield),7B,ACJ,20240221/20240501,no show; banding on latest PCR date,July 2024 Shipment,Include
211,BHS:211,Y,"BG, SS",2003-04-23,15:04,Winter,Labyrinth Burn,N,51.669755,-115.429704,BighornSheep,Nov 8 2023,211,ACJ20240118,ACJ,20240124,,,ACJ,20240126,no show,,
212,BHS:212,Y,"BG, SS",2003-04-23,15:13,Winter,Labyrinth Burn,N,51.669865,-115.428104,BighornSheep,Nov 8 2023,212,ACJ20240118,ACJ,20240124,,,ACJ,20240126,no show,,
213,BHS:213,Y,"BG, SS",2003-04-23,15:30,Winter,Labyrinth Burn,N,51.669092,-115.42989,BighornSheep,Nov 8 2023,213,BLC20220827,ACJ,20240207,magbead protocol,12C,ACJ,20240208/20240214,,20240304,Include
221,BHS:221,Y,"JF, LA",17-5-2023,16:15,Spring,Hat Mountain,N,51.7583081,-115.5791924,BighornSheep,Nov 8 2023,221,ACJ20240219,ACJ,20240219,magbead protocol,2H,ACJ,20240221,,20240304,Include
222,BHS:222,Y,"JF, LA",17-5-2023,15:34,Spring,Hat Mountain,N,51.7617309,-115.5767941,BighornSheep,Nov 8 2023,222,ACJ20240118,ACJ,20240124,,,ACJ,20240126,,20240304,Include
225,BHS:225,Y,BG,2001-07-23,11:16,Summer,Sheep Cliffs YHT,N,51.70666,-115.57745,BighornSheep,Nov 8 2023,225,BLC20220827,ACJ,20240207,magbead protocol,7H,ACJ,20240208/20240214,,20240304,Include
226,BHS:226,Y,BG,2001-07-23,11:09,Summer,Sheep Cliffs YHT,N,51.70668,-115.57729,BighornSheep,Nov 8 2023,226,ACJ20240118,ACJ,20240124,,,ACJ,20240126,,20240304,Include
302,BHS:302,Y,"JF, LA, MH",20-5-2023,16:00,Spring,Divide,Y,51.7205589,-115.919554,BighornSheep,Nov 8 2023,302,BLC20220827,ACJ,20240207,magbead protocol,9D,ACJ,20240208/20240214,,20240304,Include
310,BHS:310,Y,"JF, LA",17-5-2023,15:45,Spring,Hat Mountain,N,51.7617309,-115.5767941,BighornSheep,Nov 8 2023,310,ACJ20240125,ACJ,20240130,,,ACJ,20240201,,20240304,Include
311,BHS:311,Y,"JF, LA",17-5-2023,15:34,Spring,Hat Mountain,N,51.7617309,-115.5767941,BighornSheep,Nov 8 2023,311,ACJ20240219,ACJ,20240219,magbead protocol,3C,ACJ,20240221,,20240304,Include
312,BHS:312,Y,"JF, LA, MH",20-5-2023,16:05,Spring,Divide,Y,51.7206497,-115.9194581,BighornSheep,Nov 8 2023,312,ACJ20240118,ACJ,20240124,,,ACJ,20240126,,20240304,Include
319,BHS:319,Y,"JF, LA",16-5-2023,15:00,Spring,Dog Rib Burn,N,51.664927,-115.4095685,BighornSheep,Nov 8 2023,319,ACJ20240219,ACJ,20240219,magbead protocol,8E,ACJ,20240221,,20240304,Include
324,BHS:324,Y,"JF, LA, MH",20-5-2023,16:00,Spring,Divide,Y,51.7206497,-115.9194581,BighornSheep,Nov 8 2023,324,ACJ20240118,ACJ,20240124,,,ACJ,20240126,,20240304,Include
326,BHS:326,Y,"JF, LA",16-5-2023,15:34,Spring,Dog Rib Burn,N,51.664977,-115.409609,BighornSheep,Nov 8 2023,326,BLC20220827,ACJ,20240207,magbead protocol,3B,ACJ,20240208/20240214,,20240304,Include
336,BHS:336,Y,JF,24-06-2023,16:30,Summer,YHT Back Pasture,N,51.75624,-115.58717,BighornSheep,Nov 8 2023,336,BLC20220827,ACJ,20240207,magbead protocol,9A,ACJ,20240208/20240214,,20240304,Include
339,BHS:339,Y,"VR, BK",2005-07-23,15:20,Spring,Baldspot Norquay,N,51.19696,-115.58481,BighornSheep,Nov 8 2023,339,ACJ20240219,ACJ,20240219,magbead protocol,3D,ACJ,20240221,,20240304,Include
340,BHS:340,Y,JF,2002-06-23,13:50,Spring,Minnewanka Dam,N,51.239816,-115.492051,BighornSheep,Nov 8 2023,340,ACJ20240219,ACJ,20240219,magbead protocol,5H,ACJ,20240221,,20240304,Include
352,BHS:352,Y,"VR, BK",2005-07-23,18:58,Spring,Lookout at Two Jack Lake,N,51.2314105,-115.4962283,BighornSheep,Nov 8 2023,352,ACJ20240219,ACJ,20240219,magbead protocol,7C,ACJ,20240221,,20240304,Include
353,BHS:353,Y,"CC, MS",30-06-2023,18:26,Summer,"MW, Two Jack DUA",N,51.231388,-115.496045,BighornSheep,Nov 8 2023,353,ACJ20240125,ACJ,20240125,added more DNA/RNA shield (400 uL),,ACJ,20240129 & 20240212,,20240304,Include
354,BHS:354,Y,JF,25-7-2023,16:30,Summer,Two Jack DUA,N,51.231199,-115.496895,BighornSheep,Nov 8 2023,354,BLC20220827,ACJ,20240207,magbead protocol,2B,ACJ,20240208/20240214,,20240304,Include
356,BHS:356,Y,PW,2004-08-23,16:14,Summer,Divide Pass,Y,51.750891,-115.932561,BighornSheep,Nov 8 2023,356,ACJ20240219,ACJ,20240219,magbead protocol,9E,ACJ,20240221,no show,,
361,BHS:361,Y,"MF, LA",28-06-2023,16:50,Spring,YHT old ranch road,N,51.7464746,-115.5791036,BighornSheep,Nov 8 2023,361,BLC20220827,ACJ,20240207,magbead protocol,7A,ACJ,20240208/20240214,,20240304,Include
365,BHS:365,Y,JF,29-06-2023,16:30,Summer,YHT Back Pasture,N,51.75624,-115.58717,BighornSheep,Nov 8 2023,365,ACJ20240125,ACJ,20240125,added more DNA/RNA shield (400 uL),,ACJ,20240129 & 20240212,,20240304,Include
384,BHS:384,Y,JF,24-06-2023,16:30,Summer,YHT near ranch,N,51.75215,-115.58179,BighornSheep,Nov 8 2023,384,BLC20220827,ACJ,20240207,magbead protocol,7C,ACJ,20240208/20240214,,20240304,Include
403,BHS:403,Y,JF,2002-07-23,15:00,Summer,Shale Pass,Y,51.76479,-115.92495,BighornSheep,Nov 8 2023,403,ACJ20240118,ACJ,20240125,added more DNA/RNA shield (400 uL),,ACJ,20240129 & 20240212,,20240304,Include
404,BHS:404,Y,JF,2002-07-23,11:15,Summer,Tyrell Pass,Y,51.76484,-115.84753,BighornSheep,Nov 8 2023,404,ACJ20240125,ACJ,20240130,,,ACJ,20240201,,20240304,Include
405,BHS:405,Y,JF,2002-07-23,16:30,Summer,Divide Pass,Y,51.75569,-115.94084,BighornSheep,Nov 8 2023,405,ACJ20240125,ACJ,20240130,,,ACJ,20240201,,20240304,Include
406,BHS:406,Y,JF,2002-07-23,16:30,Summer,Divide Pass,Y,51.75569,-115.94084,BighornSheep,Nov 8 2023,406,ACJ20240219,ACJ,20240219,magbead protocol,9F,ACJ,20240221,no show,,
410,BHS:410,Y,"PW, WC",2009-08-23,12:23,Summer,Divide Pass,Y,51.460666,-115.574435,BighornSheep,Nov 8 2023,410,ACJ20240125,ACJ,20240130,added extra DNA/RNA shield; HRC filter failed,,ACJ,20240201,,20240304,Include
413,BHS:413,Y,"JF, LA",2010-07-23,14:08,Summer,Harrison Lake,Y,51.560101,-115.79353,BighornSheep,Nov 8 2023,413,BLC20220827,ACJ,20240207,magbead protocol,3A,ACJ,20240208/20240214,,20240304,Include
415,BHS:415,Y,"JF,LA",2010-07-23,14:20,Summer,Harrison Lake,Y,51.55952,-115.78775,BighornSheep,Nov 8 2023,415,ACJ20240125,ACJ,20240125,HRC filter failed; will need to re-extract,,ACJ,20240129 & 20240212,,20240304,Include
418,BHS:418,Y,"JF,LA",2010-07-23,14:00,Summer,Harrison Lake,Y,51.55845,-115.78562,BighornSheep,Nov 8 2023,418,ACJ20240118,ACJ,20240124,Added extra DNA/RNA shield (400 uL),,ACJ,20240126,,20240304,Include
451,BHS:451,Y,JF,31-07-2023,10:15,Summer,YHT old road,N,51.7463673,-115.5737028,BighornSheep,Nov 8 2023,451,BLC20220827,ACJ,20240207,magbead protocol,3D,ACJ,20240208/20240214,,20240304,Include
474,BHS:474,Y,"PW, DW",26-09-2023,15:25,Fall,Middle Panther,Y,51.591652,-115.65595,BighornSheep,Nov 8 2023,474,BLC20220827,ACJ,20240207,magbead protocol,2E,ACJ,20240208/20240214,,20240304,Include
475,BHS:475,Y,BK,26-7-2023,17:41,Summer,Minnewanka Dam,N,51.2449368,-115.4964881,BighornSheep,Nov 8 2023,475,ACJ20240219,ACJ,20240219,magbead protocol,3B,ACJ,20240221,no show,,
223A,BHS:223,Y,BG,2001-07-23,11:21,Summer,Sheep Cliffs YHT,N,51.70667,-115.57748,BighornSheep,Nov 8 2023,223A,ACJ20240118,ACJ,20240124,"Duplicate sample ID (223), so added ""223A"" on tube label as Jonathan was able to work out which was which based on handwriting. ",,ACJ,20240126,,20240304,Include
26,BHS1,Y,JF,2011-05-22,13:06,Spring,Tyrell Subpeak,Y,51.692946,-115.814479,BighornSheep,Nov 8 2023,26BHS,ACJ20240219,ACJ,20240219,magbead protocol,2E,ACJ,20240221,,20240304,Include
28,BHS3,Y,JF,2012-05-22,15:35,Spring,Wapiti west slopes,Y,51.70849,-115.789424,BighornSheep,Nov 8 2023,28BHS,ACJ20240118,ACJ,20240119,,,BLC,20240122,,20240304,Include
30,BHS5,Y,JF,27-05-2022,11:25,Spring,Middle Panther,Y,51.598366,-115.641631,BighornSheep,Nov 8 2023,30BHS,ACJ20240118,ACJ,20240119,Added extra DNA shield to sample (400 uL),,BLC,20240122,,20240304,Include
31,BHS:31,Y,JF,27-05-2022,12:00,Spring,Middle Panther,Y,51.597498,-115.642696,BighornSheep,Nov 8 2023,31BHS,BLC20220827,ACJ,20240207,magbead protocol,3G,ACJ,20240208/20240214,,20240304,Include
32,BHS8,Y,JF,27-05-2022,13:30,Spring,Middle Panther,Y,51.593315,-115.648812,BighornSheep,Nov 8 2023,32BHS,ACJ20240118,BLC,20240118,,,BLC,20240122,,20240304,Include
34,YHT_BHS_2,Y,"JF, NB, BG",2009-06-22,9:26,Spring,Hat Mountain,N,51.764649,-115.57352,BighornSheep,Nov 8 2023,34BHS,ACJ20240219,ACJ,20240219,magbead protocol,10F,ACJ,20240221,,20240304,Include
35,YHT_BHS_3,Y,"JF, NB, BG",2009-06-22,9:35,Spring,Hat Mountain,N,51.764667,-115.573519,BighornSheep,Nov 8 2023,35BHS,ACJ20240125,ACJ,20240125,,,ACJ,20240129 & 20240212,faint,20240304,Include
37,YHT_BHS_5,Y,JF,2009-06-22,10:20,Spring,Hat Mountain,N,51.766512,-115.578809,BighornSheep,Nov 8 2023,37BHS,ACJ20240219,ACJ,20240219,magbead protocol,9C,ACJ,20240221,,20240304,Include
27,BHS:27,,JF,12-5-2022,15:20,Spring,Wapiti west slopes,Y,51.708401,-115.789557,BighornSheep,,BHS27,BIOL1515_2022,BIOL1515_2022,,,,BIOL1515_2022,,,,Include
29,BHS:29,,JF,27-05-2022,11:08,Spring,Middle Panther,Y,51.598436,-115.641427,BighornSheep,,BHS29,BIOL1515_2022,BIOL1515_2022,,,,BIOL1515_2022,,,,Include
33,BHS:33,,"JF, NB, BG",9-6-2022,9:24,Spring,Hat Mountain,N,51.764686,-115.573547,BighornSheep,,BHS33,BIOL1515_2022,BIOL1515_2022,,,,BIOL1515_2022,,,,Include
36,BHS:36,,JF,9-6-2022,10:20,Spring,Hat Mountain,N,51.766448,-115.578738,BighornSheep,,BHS36,BIOL1515_2022,BIOL1515_2022,,,,BIOL1515_2022,,,,Include
40,BHS:40,,"JF, NB",1-8-2022,20:30,Summer,Hat Mountain,N,51.7659764,-115.5772317,BighornSheep,,BHS40,BIOL1515_2022,BIOL1515_2022,,,,BIOL1515_2022,,,,Include
42,BHS:42,,JF,26-7-2022,12:45,Summer,Divide,Y,51.7215849,-115.9329318,BighornSheep,,BHS42,BIOL1515_2022,BIOL1515_2022,,,,BIOL1515_2022,,,,Include
53,BHS:53,,"JF, NB",1-8-2022,20:30,Summer,Hat Mountain,N,51.7659762,-115.577232,BighornSheep,,BHS53,BIOL1515_2022,BIOL1515_2022,,,,BIOL1515_2022,,,,Include
58,BHS:58,,JF,27-6-2022,16:20,Spring,Middle Panther Saltlick,Y,51.592128,-115.655099,BighornSheep,,BHS58,BIOL1515_2022,BIOL1515_2022,,,,BIOL1515_2022,,,,Include
323,BHS:323,,"LA, MF",28-06-2023,16:43,Spring,YHT old ranch road,N,51.74624,-115.57327,BighornSheep,Nov 8 2023,,,,,,,ACJ,20240126,,,
51,BIS:51,Y,"NB, CM",2006-08-23,16:58,Summer,Scotch Pasture,Y,51.66608,-115.83819,Bison,Nov 8 2023,51,BLC20220827,ACJ,20240207,magbead protocol,5H,ACJ,20240208/20240214,,20240304,Include
60,BIS:60,Y,JF,25-7-2022,16:45,Summer,Divide Pass,Y,51.7386235,-115.9220592,Bison,Nov 8 2023,60,BLC20220827,ACJ,20240207,magbead protocol,9E,ACJ,20240208/20240214,,20240304,Include
63,BIS:63,Y,JF,25-7-2022,17:15,Summer,Divide Pass,Y,51.7399238,-115.9228608,Bison,Nov 8 2023,63,ACJ20240125,ACJ,20240125,,,ACJ,20240129 & 20240212,,20240304,Include
64,BIS:64,Y,"JF, AA, MF, ET",2008-08-22,14:20,Summer,Tyrell Flats,Y,51.67232,-115.798617,Bison,Nov 8 2023,64,ACJ20240219,ACJ,20240219,magbead protocol,9B,ACJ,20240221,,20240304,Include
65,BIS:65,Y,"JF, AA, MF, ET",2010-08-22,11:32,Summer,Tyrell Slopes,Y,51.684062,-115.795818,Bison,Nov 8 2023,65,ACJ20240118,ACJ,20240119,,,BLC,20240122,,20240304,Include
66,BIS:66,Y,"JF, AA, MF, ET",2010-08-22,11:30,Summer,Tyrell Slopes,Y,51.6835706,-115.8078054,Bison,Nov 8 2023,66,ACJ20240219,ACJ,20240219,magbead protocol,7E,ACJ,20240221,,20240304,Include
67,BIS:67,Y,"NB, CM",2006-08-23,17:00,Summer,Scotch Pasture,Y,51.6603,-115.83763,Bison,Nov 8 2023,67,ACJ20240219,ACJ,20240219,magbead protocol,1C,ACJ,20240221,,20240304,Include
69,BIS:69,Y,"JF, AA, MF, ET",2008-08-22,14:20,Summer,Tyrell Flats,Y,51.672248,-115.798619,Bison,Nov 8 2023,69,BLC20220827,ACJ,20240207,magbead protocol,11F,ACJ,20240208/20240214,,20240304,Include
70,BIS:70,Y,"JF, AA, MF, ET",2010-08-22,15:29,Summer,Tyrell Flats,Y,51.673924,-115.792833,Bison,Nov 8 2023,70,BLC20220827,ACJ,20240207,magbead protocol,7F,ACJ,20240208/20240214,,20240304,Include
71,BIS:71,Y,"JF, AA, MF, ET",2008-08-22,14:37,Summer,Tyrell Flats,Y,51.672312,-115.798777,Bison,Nov 8 2023,71,ACJ20240125,ACJ,20240131,,,ACJ,20240201,faint,20240304,Include
74,BIS:74,Y,JF,25-7-2022,18:10,Summer,Divide Pass,Y,51.752544,-115.930706,Bison,Nov 8 2023,74,BLC20220827,ACJ,20240207,magbead protocol,7G,ACJ,20240208/20240214,,20240304,Include
76,BIS:76,Y,"JF, AA, MF, ET",2010-08-22,15:00,Summer,Tyrell Flats,Y,51.6738507,-115.7874683,Bison,Nov 8 2023,76,ACJ20240125,ACJ,20240125,,,ACJ,20240129 & 20240212,,20240304,Include
77,BIS:77,Y,JF,25-7-2022,17:10,Summer,Divide Pass,Y,51.7394937,-115.9227622,Bison,Nov 8 2023,77,ACJ20240125,ACJ,20240125,,,ACJ,20240129 & 20240212,,20240304,Include
79,BIS:79,Y,AA,15-7-2022,18:02,Summer,Scotch Pasture,Y,51.667169,-115.838057,Bison,Nov 8 2023,79,ACJ20240118,ACJ,20240119,,,BLC,20240122,,20240304,Include
80,BIS:80,Y,JF,25-7-2022,16:25,Summer,Divide Pass,Y,51.7393421,-115.9230372,Bison,Nov 8 2023,80,ACJ20240118,ACJ,20240119,,,BLC,20240122,,20240304,Include
89,BIS:89,Y,"JF, AA, MF, ET",2010-08-22,15:15,Summer,Tyrell Flats,Y,51.6737222,-115.7929322,Bison,Nov 8 2023,89,ACJ20240118,ACJ,20240119,,,BLC,20240122,,20240304,Include
97,BIS:97,Y,"JF, AA, MF, ET",2008-08-22,14:58,Summer,Tyrell Flats,Y,51.672366,-115.798703,Bison,Nov 8 2023,97,BLC20220827,ACJ,20240207,magbead protocol,8E,ACJ,20240208/20240214,,20240304,Include
98,BIS:98,Y,"JF, AA, MF, ET",2010-08-22,14:40,Summer,Tyrell Flats,Y,51.6746092,-115.784957,Bison,Nov 8 2023,98,BLC20220827,ACJ,20240207,magbead protocol,9G,ACJ,20240208/20240214,,20240304,Include
99,BIS:99,Y,"JF, AA, MF, ET",2010-08-22,11:30,Summer,Tyrell Slopes,Y,51.6833927,-115.8077152,Bison,Nov 8 2023,99,ACJ20240118,BLC,20240118,,,BLC,20240122,,20240304,Include
103,BIS:103,Y,"JF, DW",2009-01-23,14:10,Winter,Middle Panther,Y,51.599557,-115.6442701,Bison,Nov 8 2023,103,BLC20220827,ACJ,20240207,magbead protocol,4C,ACJ,20240208/20240214,,20240304,Include
104,BIS:104,Y,"JF, DW",2009-01-23,14:15,Winter,Middle Panther,Y,51.599497,-115.644248,Bison,Nov 8 2023,104,ACJ20240219,ACJ,20240219,magbead protocol,10B,ACJ,20240221,,20240304,Include
105,BIS:105,Y,"JF, DW",2009-01-23,14:20,Winter,Middle Panther,Y,51.5992273,-115.6437612,Bison,Nov 8 2023,105,BLC20220827,ACJ,20240207,magbead protocol,2A,ACJ,20240208/20240214,,20240304,Include
107,BIS:107,Y,"JF, DW",2009-01-23,13:10,Winter,Middle Panther,Y,51.5970322,-115.6430172,Bison,Nov 8 2023,107,ACJ20240125,ACJ,20240130,,,ACJ,20240201,,20240304,Include
108,BIS:108,Y,"JF, DW",2009-01-23,14:45,Winter,Middle Panther,Y,51.599497,-115.644248,Bison,Nov 8 2023,108,BLC20220827; ACJ20240131,ACJ,20240207; 20240429, magbead protocol first extraction; second extraction with tubes (added more DNA/RNA shield),10E,ACJ,20240208/20240214/20240501,no show; banded on latest PCR date,July 2024 Shipment,Include
110,BIS:110,Y,"JF, DW",2009-01-23,15:00,Winter,MIddle Panther,Y,51.5984849,-115.6430769,Bison,Nov 8 2023,110,ACJ20240219,ACJ,20240219,magbead protocol,11A,ACJ,20240221,faint,20240304,Include
111,BIS:111,Y,"JF, DW",2009-01-23,14:50,Winter,MIddle Panther,Y,51.5988701,-115.6433632,Bison,Nov 8 2023,111,BLC20220827,ACJ,20240207,magbead protocol,10D,ACJ,20240208/20240214,,20240304,Include
112,BIS:112,Y,"JF, DW",2009-01-23,14:25,Winter,Middle Panther,Y,51.5990363,-115.6435101,Bison,Nov 8 2023,112,BLC20220827; ACJ20240131,ACJ,20240207; 20240429, magbead protocol first extraction; second extraction with tubes (added more DNA/RNA shield),5G,ACJ,20240208/20240214/20240501,no show; banded on latest PCR date,July 2024 Shipment,Include
113,BIS:113,Y,"JF, DW",2009-01-23,14:40,Winter,Middle Panther,Y,51.599041,-115.6435443,Bison,Nov 8 2023,113,BLC20220827; ACJ20240131,ACJ,20240207; 20240429, magbead protocol first extraction; second extraction with tubes (added more DNA/RNA shield) and there was flow-through in the III-F filter BEFORE the spin down,10G,ACJ,20240208/20240214/20240501,no show; banded on latest PCR date,July 2024 Shipment,Include
115,BIS:115,Y,"JF, DW",2008-01-23,14:40,Winter,Middle Panther,Y,51.584729,-115.66608,Bison,Nov 8 2023,115,ACJ20240219,ACJ,20240219,magbead protocol,6H,ACJ,20240221,,20240304,Include
116,BIS:116,Y,"JF, DW",2008-01-23,14:30,Winter,Middle Panther,Y,51.58518,-115.66635,Bison,Nov 8 2023,116,ACJ20240219; ACJ20240131,ACJ,20240219; 20240429, magbead protocol first extraction; second extraction with tubes (added more DNA/RNA shield),4H,ACJ,20240221/20240501,no show; banded on latest PCR date,July 2024 Shipment,Include
126,BIS:126,Y,"JF, DW",2008-01-23,14:30,Winter,Middle Panther,Y,51.58528,-115.66635,Bison,Nov 8 2023,126,ACJ20240219,ACJ,20240219,magbead protocol,4D,ACJ,20240221,faint,20240304,Include
130,BIS:130,Y,"PW, LN",17-02-2023,12:50,Winter,Middle Panther,Y,51.582551,-115.677286,Bison,Nov 8 2023,130,BLC20220827; ACJ20240131,ACJ,20240207; 20240429,magbead protocol; second extraction with tubes,11D,ACJ,20240208/20240214/20240501,no show; banded on latest PCR date,July 2024 Shipment,Include
131,BIS:131,Y,"PW, LN",17-02-2023,13:00,Winter,Panther Valley,Y,51.582551,-115.677286,Bison,Nov 8 2023,131,BLC20220827; ACJ20240131,ACJ,20240207; 20240429,magbead protocol; second extraction with tubes (HRC filter failed),9H,ACJ,20240208/20240214/20240501,no show; banded on latest PCR date,July 2024 Shipment,Include
132,BIS:132,Y,KH,2007-03-23,13:34,Winter,Wapiti Flats,Y,51.6002,-115.66705,Bison,Nov 8 2023,132,ACJ20240125,ACJ,20240130,,,ACJ,20240201,,20240304,Include
136,BIS:136,Y,DW,2006-04-23,13:00,Winter,Middle Panther,Y,51.59742,-115.65441,Bison,Nov 8 2023,136,ACJ20240219,ACJ,20240219,magbead protocol,4B,ACJ,20240221,,20240304,Include
137,BIS:137,Y,KH,2012-05-23,18:15,Spring,Wapiti Creek,Y,51.693479,-115.710913,Bison,Nov 8 2023,137,BLC20220827,ACJ,20240207,Using this metadata for sample 137 (there is duplicate entry in database); magbead protocol,11C,ACJ,20240208/20240214,,20240304,Include
220,BIS:220,Y,"JF, LA, BG, MH, CM",20-5-2023,12:09,Spring,Divide,Y,51.6806859,-115.8707954,Bison,Nov 8 2023,220,BLC20220827,ACJ,20240207,magbead protocol,4D,ACJ,20240208/20240214,,20240304,Include
300,BIS:300,Y,"JF, LA, MH",19-5-2023,15:00,Spring,Tyrell Flats,Y,51.6755959,-115.7828964,Bison,Nov 8 2023,300,ACJ20240219,ACJ,20240219,magbead protocol,1H,ACJ,20240221,,20240304,Include
309,BIS:309,Y,"JF, LA, MH",19-5-2023,17:00,Spring,Coyote Creek,Y,51.6855645,-115.8073206,Bison,Nov 8 2023,309,BLC20220827,ACJ,20240207,magbead protocol,12D,ACJ,20240208/20240214,,20240304,Include
315,BIS:315,Y,"JF, LA, MH",19-5-2023,9:50,Spring,Scotch Pasture,Y,51.6625072,-115.8381633,Bison,Nov 8 2023,315,ACJ20240219,ACJ,20240219,magbead protocol,11G,ACJ,20240221,,20240304,Include
317,BIS:317,Y,"JF, LA, MH",19-5-2023,10:10,Spring,Scotch Pasture,Y,51.6630895,-115.8365466,Bison,Nov 8 2023,317,ACJ20240125,ACJ,20240125,,,ACJ,20240129 & 20240212,,20240304,Include
318,BIS:318,Y,"JF, LA, MH",19-5-2023,10:47,Spring,Scotch Pasture,Y,51.6648121,-115.8368631,Bison,Nov 8 2023,318,ACJ20240125,ACJ,20240125,,,ACJ,20240129 & 20240212,,20240304,Include
320,BIS:320,Y,"JF, LA, MH",19-5-2023,15:15,Spring,Tyrell Flats,Y,51.6751287,-115.7833846,Bison,Nov 8 2023,320,ACJ20240125,ACJ,20240130,,,ACJ,20240201,,20240304,Include
321,BIS:321,Y,"JF, LA, BG, MH, CM",20-5-2023,10:00,Spring,Scotch Pasture,Y,51.6657911,-115.8256874,Bison,Nov 8 2023,321,ACJ20240219,ACJ,20240219,magbead protocol,8C,ACJ,20240221,,20240304,Include
322,BIS:322,Y,"JF, LA, BG, MH, CM",20-5-2023,12:02,Spring,Divide Burn,Y,51.6808973,-115.8702858,Bison,Nov 8 2023,322,ACJ20240125,ACJ,20240125,,,ACJ,20240129 & 20240212,,20240304,Include
355,BIS:355,Y,"PW, DW",2024-02-25,12:00,Winter,Panther East Jct Trail,Y,51.59199,-115.655437,Bison,May 27 2024,355,HKH20240517,ACJ,20240611,,,ACJ/MT,20240618,,July 2024 Shipment,Include
372,BIS:372,Y,"PW, DW",2024-02-25,12:55,Winter,Middle Panther,Y,51.591958,-115.656735,Bison,May 27 2024,372,HKH20240517,ACJ,20240611,,,ACJ/MT,20240618,,July 2024 Shipment,Include
380,BIS:380,Y,PW,2024-02-25,13:00,Winter,Panther East Jct Trail,Y,51.591878,-115.656766,Bison,May 27 2024,380,HKH20240517,ACJ,20240611,,,ACJ/MT,20240618,,July 2024 Shipment,Include
381,BIS:381,Y,JF,16-6-2023,9:50,Spring,Scotch Pasture,Y,51.6659596,-115.8386948,Bison,Nov 8 2023,381,BLC20220827,ACJ,20240207,magbead protocol,5B,ACJ,20240208/20240214,,20240304,Include
389,BIS:389,Y,JF,16-6-2023,9:40,Spring,Scotch Pasture,Y,51.6654064,-115.8376484,Bison,Nov 8 2023,389,ACJ20240219,ACJ,20240219,magbead protocol,5C,ACJ,20240221,,20240304,Include
390,BIS:390,Y,JF,16-6-2023,9:20,Spring,Scotch Pasture,Y,51.6666495,-115.840008,Bison,Nov 8 2023,390,ACJ20240219,ACJ,20240219,magbead protocol,7A,ACJ,20240221,,20240304,Include
391,BIS:391,Y,JF,17-6-2023,20:00,Spring,Scotch Pasture,Y,51.665109,-115.8295303,Bison,Nov 8 2023,391,ACJ20240219,ACJ,20240219,magbead protocol,10A,ACJ,20240221,,20240304,Include
392,BIS:392,Y,"JF, LA",16-6-2023,9:55,Spring,Scotch Pasture,Y,51.6663636,-115.8398089,Bison,Nov 8 2023,392,ACJ20240219,ACJ,20240219,magbead protocol,4C,ACJ,20240221,,20240304,Include
393,BIS:393,Y,JF,16-6-2023,9:25,Spring,Scotch Pasture,Y,51.6666198,-115.8399765,Bison,Nov 8 2023,393,ACJ20240219,ACJ,20240219,magbead protocol,12D,ACJ,20240221,,20240304,Include
394,BIS:394,Y,JF,16-6-2023,9:32,Spring,Scotch Pasture,Y,51.6657687,-115.8383752,Bison,Nov 8 2023,394,ACJ20240219,ACJ,20240219,magbead protocol,5E,ACJ,20240221,,20240304,Include
395,BIS:395,Y,JF,16-6-2023,9:10,Spring,Scotch Pasture,Y,51.666803,-115.8395286,Bison,Nov 8 2023,395,ACJ20240219,ACJ,20240219,magbead protocol,5A,ACJ,20240221,,20240304,Include
398,BIS:398,Y,JF,17-6-2023,20:20,Spring,Scotch Pasture,Y,51.6649237,-115.8410095,Bison,Nov 8 2023,398,BLC20220827,ACJ,20240207,magbead protocol,5D,ACJ,20240208/20240214,,20240304,Include
400,BIS:400,Y,JF,17-6-2023,20:25,Spring,Scotch Pasture,Y,51.6640248,-115.841002,Bison,Nov 8 2023,400,BLC20220827,ACJ,20240207,magbead protocol,7D,ACJ,20240208/20240214,,20240304,Include
407,BIS:407,Y,JF,2002-07-23,20:15,Summer,Divide,Y,51.726869,-115.917462,Bison,Nov 8 2023,407,BLC20220827,ACJ,20240207,magbead protocol,3E,ACJ,20240208/20240214,,20240304,Include
409,BIS:409,Y,DW,23-07-2023,19:00,Summer,Red Deer Valley Between McConel and Divide,Y,51.669757,-115.867346,Bison,Nov 8 2023,409,ACJ20240125,ACJ,20240130,,,ACJ,20240201,,20240304,Include
411,BIS:411,Y,"PW, BM",2023-10-18,14:24,Winter,Tyrell,Y,51.539728,-115.730763,Bison,May 27 2024,411,HKH20240517,ACJ,20240611,,,ACJ/MT,20240618,,July 2024 Shipment,Include
416,BIS:416,Y,"LA, MF",2001-08-23,8:43,Summer,Scotch pasture,Y,51.666098,-115.838625,Bison,Nov 8 2023,416,ACJ20240219,ACJ,20240219,magbead protocol,6B,ACJ,20240221,,20240304,Include
419,BIS:419,Y,PW,2024-01-26,8:30,Winter,Scotch,Y,51.662614,-115.840313,Bison,May 27 2024,419,HKH20240517,ACJ,20240611,,,ACJ/MT,20240618,,July 2024 Shipment,Include
424,BIS:424,Y,"LA, MF",2001-08-23,8:43,Summer,Scotch pasture,Y,51.66597,-115.83863,Bison,Nov 8 2023,424,ACJ20240125,ACJ,20240125,Added more DNA/RNA shield (400 uL),,ACJ,20240129 & 20240212,,20240304,Include
427,BIS:427,Y,PW,2024-01-26,NA,Winter,Scotch,Y,51.667096,-115.835224,Bison,May 27 2024,427,HKH20240517,ACJ,20240611,,,ACJ/MT,20240618,,July 2024 Shipment,Include
431,BIS:431,Y,"LA, MF",2001-08-23,9:04,Summer,Scotch pasture,Y,51.665821,-115.838833,Bison,Nov 8 2023,431,BLC20220827,ACJ,20240207,magbead protocol,3F,ACJ,20240208/20240214,,20240304,Include
432,BIS:432,Y,"PW, BM",2023-10-18,14:20,Winter,Tyrell,Y,51.673731,-115.794268,Bison,May 27 2024,432,HKH20240517,ACJ,20240611,,,ACJ/MT,20240618,,July 2024 Shipment,Include
435,BIS:435,Y,KH,2020-03-15,NA,Winter,Tyrell,Y,51.673439,-115.784154,Bison,May 27 2024,435,HKH20240517,ACJ,20240611,,,ACJ/MT,20240618,,July 2024 Shipment,Include
438,BIS:438,Y,"SS, JF",2002-08-23,16:15,Summer,Tarn Lake,Y,51.740243,-115.916996,Bison,Nov 8 2023,438,BLC20220827,ACJ,20240207,magbead protocol,5A,ACJ,20240208/20240214,,20240304,Include
445,BIS:445,Y,"JF, SS",2002-08-23,17:51,Summer,Divide,Y,51.7404,-115.91716,Bison,Nov 8 2023,445,ACJ20240125,ACJ,20240125,,,ACJ,20240129 & 20240212,,20240304,Include
448,BIS:448,Y,"JF, SS",2002-08-23,10:00,Summer,Divide trail from scotch,Y,51.6881939,-115.8759396,Bison,Nov 8 2023,448,ACJ20240125,ACJ,20240130,,,ACJ,20240201,,20240304,Include
450,BIS:450,Y,LA,2002-08-23,14:44,Summer,Scotch pasture,Y,51.6651036,-115.8363069,Bison,Nov 8 2023,450,ACJ20240219,ACJ,20240219,magbead protocol,1A,ACJ,20240221,,20240304,Include
454,BIS:454,Y,"JF, SS",2002-08-23,18:00,Summer,Tarn Lake,Y,51.74028,-115.916931,Bison,Nov 8 2023,454,ACJ20240125,ACJ,20240130,,,ACJ,20240201,,20240304,Include
455,BIS:455,Y,SS,2002-08-23,18:00,Summer,Tarn Lake,Y,51.74042,-115.917,Bison,Nov 8 2023,455,ACJ20240118,ACJ,20240124,,,ACJ,20240126,,20240304,Include
458,BIS:458,Y,"LA, MF",2001-08-23,8:55,Summer,Scotch pasture,Y,51.665809,-115.838669,Bison,Nov 8 2023,458,ACJ20240118,ACJ,20240124,,,ACJ,20240126,no show,,
459,BIS:459,Y,"JF, LA, MF, SS",2001-08-23,13:30,Summer,Tyrell Flatts,Y,51.6735309,-115.7932757,Bison,Nov 8 2023,459,ACJ20240125,ACJ,20240130,,,ACJ,20240201,,20240304,Include
460,BIS:460,Y,LA,2002-08-23,15:00,Summer,Scotch pasture,Y,51.6651036,-115.8363069,Bison,Nov 8 2023,460,BLC20220827,ACJ,20240207,magbead protocol,6G,ACJ,20240208/20240214,,20240304,Include
462,BIS:462,Y,KH,2020-02-27,NA,Winter,Scotch,Y,51.667395 ,-115.837357,Bison,May 27 2024,462,HKH20240517,ACJ,20240611,,,ACJ/MT,20240618,,July 2024 Shipment,Include
464,BIS:464,Y,SS,2021-01-12,NA,Winter,Scotch,Y,51.662614,-115.840313,Bison,May 27 2024,464,HKH20240517,ACJ,20240611,,,ACJ/MT,20240618,,July 2024 Shipment,Include
466,BIS:466,Y,PW,2023-11-10,10:35,Winter,Middle Panther,Y,51.588116,-115.654163,Bison,May 27 2024,466,HKH20240517,ACJ,20240611,,,ACJ/MT,20240618,,July 2024 Shipment,Include
468,BIS:468,Y,"LA, MF",2003-08-23,9:55,Summer,Tyrell Flats,Y,51.67348,-115.78662,Bison,Nov 8 2023,468,ACJ20240219,ACJ,20240219,magbead protocol,3H,ACJ,20240221,,20240304,Include
470,BIS:470,Y,JM,2020-02-28,NA,Winter,Scotch,Y,51.664324,-115.832317,Bison,May 27 2024,470,HKH20240517,ACJ,20240611,,,ACJ/MT,20240618,,July 2024 Shipment,Include
472,BIS:472,Y,"PW, DW",25-09-2023,15:50,Fall,Cold sulphur springs (MP),Y,51.586755,-115.653121,Bison,Nov 8 2023,472,BLC20220827,ACJ,20240207,magbead protocol,2C,ACJ,20240208/20240214,,20240304,Include
473,BIS:473,Y,"PW, DW",25-09-2023,15:50,Fall,Cold sulphur springs (MP),Y,51.586718,-115.653007,Bison,Nov 8 2023,473,BLC20220827,ACJ,20240207,magbead protocol,10C,ACJ,20240208/20240214/20240227/20240229,no show on first two dates; banding after additional cleaning; use PCR product from 20240229,20240304,Include
11,BIS11,Y,JF,13-5-2022,14:15,Spring,Tyrell Flats,Y,51.676276,-115.781128,Bison,Nov 8 2023,11BIS,ACJ20240219,ACJ,20240219,magbead protocol,2A,ACJ,20240221; 20240227; 20240229,no show on all PCR dates,,
13,BIS13,Y,JF,27-5-2022,14:30,Spring,Middle Panther,Y,51.591482,-115.652057,Bison,Nov 8 2023,13BIS,ACJ20240118,ACJ,20240119,,,BLC,20240122,,20240304,Include
39,BIS:39,Y,"PW, AA",2011-06-22,9:05,Spring,Tyrell Flats,Y,51.671838,-115.798124,Bison,Nov 8 2023,39BIS,ACJ20240125,ACJ,20240125,,,ACJ,20240129 & 20240212,,20240304,Include
3,BIS3,Y,JF,2010-05-22,20:30,Spring,Scotch Pasture,Y,51.665246,-115.836428,Bison,Nov 8 2023,3BIS,BLC20220827,ACJ,20240207,magbead protocol,11H,ACJ,20240208/20240214,,20240304,Include
4,BIS4,Y,JF,2010-05-22,20:45,Spring,Scotch Pasture,Y,51.665244,-115.836168,Bison,Nov 8 2023,4BIS,ACJ20240125,ACJ,20240131,,,ACJ,20240201,,20240304,Include
5,BIS5,Y,JF,2010-05-22,21:00,Spring,Scotch Pasture,Y,51.665531,-115.837057,Bison,Nov 8 2023,5BIS,ACJ20240125,ACJ,20240131,,,ACJ,20240201,no show,,
6,BIS6,Y,JF,2011-05-22,15:45,Spring,Ridge above Tyrell Flats,Y,51.682606,-115.799459,Bison,Nov 8 2023,6BIS,ACJ20240219,ACJ,20240219,magbead protocol,9H,ACJ,20240221,,20240304,Include
7,BIS7,Y,JF,2011-05-22,15:55,Spring,Ridge above Tyrell Flats,Y,51.682433,-115.799189,Bison,Nov 8 2023,7BIS,ACJ20240118,ACJ,20240119,,,BLC,20240122,,20240304,Include
8,BIS8,Y,JF,2011-05-22,16:05,Spring,Ridge above Tyrell Flats,Y,51.682686,-115.799384,Bison,Nov 8 2023,8BIS,ACJ20240125,ACJ,20240131,,,ACJ,20240201,,20240304,Include
1,BIS:1,,JF,10-5-2022,19:56,Spring,Scotch Pasture,Y,51.666789,-115.839642,Bison,,BIS1,BIOL1515_2022,BIOL1515_2022,,,,BIOL1515_2022,,,,Include
12,BIS:12,,JF,27-5-2022,12:30,Spring,Middle Panther,Y,51.598009,-115.643403,Bison,,BIS12,BIOL1515_2022,BIOL1515_2022,,,,BIOL1515_2022,,,,Include
2,BIS: 2,,JF,2010-05-22,20:15,Spring,,Y,51.66519,-115.837124,Bison,2014-09-22,BIS2,ACJ20240131,ACJ,20240429,added extra DNA/RNA shield; HRC filter failed; first extracted in BIOL1515 2022 class,,ACJ,20240501,,July 2024 Shipment,Include
56,BIS:56,,JF,25-7-2022,16:35,Summer,Divide Pass,Y,51.7395742,-115.9223924,Bison,,BIS56,BIOL1515_2022,BIOL1515_2022,,,,BIOL1515_2022,,,,Include
59,BIS:59,,PW,26-07-2022,10:25,Summer,Divide Cabin,Y,51.725379,-115.907317,Bison,,BIS59,BIOL1515_2022,BIOL1515_2022,,,,BIOL1515_2022,,,,Include
72,BIS:72,,"JF, AA, MF, ET",10-8-2022,11:45,Summer,Tyrell Slopes,Y,51.6835981,-115.8079704,Bison,,BIS72,BIOL1515_2022,BIOL1515_2022,,,,BIOL1515_2022,,,,Include
9,BIS:9,,JF,12-5-2022,18:15,Spring,Tyrell Flats,Y,51.675648,-115.782128,Bison,,BIS9,BIOL1515_2022,BIOL1515_2022,,,,BIOL1515_2022,,,,Include
137,BIS:137,,KH,2012-05-23,18:15,Spring,Wapiti Creek,Y,51.693474,-115.710914,Bison,Nov 8 2023,,,,,Duplicate entry of 137. Do not use this metadata,,,,,,
323,BIS:323,Y,"JF, LA, MH",19-5-2023,17:00,Spring,Coyote Creek,Y,51.6857283,-115.8073377,Bison,Nov 8 2023,,ACJ20240118,ACJ,20240124,"Duplicate ID number in metadata, but only one sample tube that can't be distinguished. Leaving sample out of sequencing effort. ",,,,,,
408,BIS:408,Y,JF,2002-07-23,20:15,Summer,Divide,Y,51.726869,-115.917462,Bison,Nov 8 2023,,ACJ20240118,ACJ,20240124,Duplicate ID number and two sample tubes labelled the same that can't be distinguished. Leaving sample out of sequencing effort. ,,ACJ,20240126,,,
408,BIS:408,Y,PW,2010-10-23,12:00,Fall,Stoney river fence,Y,51.35088,-115.606455,Bison,Nov 8 2023,,ACJ20240125,ACJ,20240125,Duplicate ID number and two sample tubes labelled the same that can't be distinguished. Leaving sample out of sequencing effort. ,,ACJ,20240129 & 20240212,,,
417,BIS:417,N,PW,2023-11-16,10:30,Winter,Panther cold sulphur springs,Y,51.58816,-115.6533,Bison,May 27 2024,,,,,,,,,,,
BLA20240118,NA,,NA,NA,NA,NA,NA,,NA,NA,BLANK_CONTROL,NA,BLA20240118,ACJ20240118,BLC,20240118,,,BLC,20240122,,20240304,Include
BLA20240119,NA,,NA,NA,NA,NA,NA,,NA,NA,BLANK_CONTROL,NA,BLA20240119,ACJ20240118,ACJ,20240119,,,BLC,20240122,,20240304,Include
BLA20240124,NA,,NA,NA,NA,NA,NA,,NA,NA,BLANK_CONTROL,NA,BLA20240124,ACJ20240118,ACJ,20240124,Used DNA/RNA shield rather than bashing buffer,,ACJ,20240126,,20240304,Include
BLA20240125,NA,,NA,NA,NA,NA,NA,,NA,NA,BLANK_CONTROL,NA,BLA20240125,ACJ20240125,ACJ,20240125,DNA/RNA shield; HRC filter step failed!,,ACJ,20240129 & 20240212,,20240304,Include
BLA20240130,NA,,NA,NA,NA,NA,NA,,NA,NA,BLANK_CONTROL,NA,BLA20240130,ACJ20240125,ACJ,20240130,,,ACJ,20240201,,20240304,Include
BLA20240131,NA,,NA,NA,NA,NA,NA,,NA,NA,BLANK_CONTROL,NA,BLA20240131,ACJ20240131,ACJ,20240131,,,ACJ,20240201,,20240304,Include
BLA20240205,NA,,NA,NA,NA,NA,NA,,NA,NA,BLANK_CONTROL,NA,BLA20240205,BLC20220827,ACJ,20240207,magbead protocol,,ACJ,20240208/20240214,,20240304,Include
BLA20240219,NA,,NA,NA,NA,NA,NA,,NA,NA,BLANK_CONTROL,NA,BLA20240219,ACJ20240219,ACJ,20240219,magbead protocol,12F,ACJ,20240221,,20240304,Include
BLA20240429,NA,,NA,NA,NA,NA,NA,,NA,NA,BLANK_CONTROL,NA,BLA20240429,ACJ20240131,ACJ,20240419,,,ACJ,20240501,,July 2024 Shipment,Include
BLA20240611,NA,,NA,NA,NA,NA,NA,,NA,NA,BLANK_CONTROL,NA,BLA20240611,HKH20240517,ACJ,20240611,,,ACJ/MT,20240618,,July 2024 Shipment,Include
224,BIS:224,Y,"JF, LA, BG, MH, CM",21-5-2023,10:58,Spring,Scotch Meadows,Y,51.6638531,-115.8398635,Deer,Nov 8 2023,224,BLC20220827,ACJ,20240207,magbead protocol,8F,ACJ,20240208/20240214,,20240304,Include
333,DEE:333,Y,"JF, LA, BG, MH, CM",21-5-2023,10:46,Spring,Scotch Meadows,Y,51.664852,-115.8388463,Deer,Nov 8 2023,333,BLC20220827,ACJ,20240207,magbead protocol,11A,ACJ,20240208/20240214,,20240304,Include
357,DEE:357,Y,"MF, JF, LA",27-06-2023,9:53,Summer,Cadet Camp,N,51.2143334,-115.5336886,Deer,Nov 8 2023,357,ACJ20240125,ACJ,20240130,,,ACJ,20240201,,20240304,Include
359,DEE:359,Y,"MF, JF, LA",27-06-2023,9:49,Summer,Cadet Camp,N,51.2144216,-115.5355253,Deer,Nov 8 2023,359,BLC20220827,ACJ,20240207,magbead protocol,1D,ACJ,20240208/20240214,,20240304,Include
387,DEE:387,Y,"JF, LA",17-6-2023,15:05,Spring,Divide,Y,51.716048,-115.9048551,Deer,Nov 8 2023,387,ACJ20240118,ACJ,20240124,,,ACJ,20240126,,20240304,Include
388,DEE:388,Y,"JF, LA",16-6-2023,10:40,Spring,Scotch Bridge,Y,51.6664543,-115.8259057,Deer,Nov 8 2023,388,BLC20220827,ACJ,20240207,magbead protocol,1F,ACJ,20240208/20240214,,20240304,Include
422,DEE:422,Y,"JF, LA",2010-07-23,15:00,Summer,N. of Windy,Y,51.55704,-115.77723,Deer,Nov 8 2023,422,ACJ20240219,ACJ,20240219,magbead protocol,4F,ACJ,20240221,,20240304,Include
449,Deer:449,Y,JF,2024-05-24,9:15,Spring,Cadet Camp,N,51.2142087,-115.5358315,Deer,May 27 2024,449,HKH20240517,ACJ,20240611,,,ACJ/MT,20240618,,July 2024 Shipment,Include
467,DEER:467,Y,JF,2029-07-23,15:30,Summer,Walker's Ridge,N,51.7408566,-115.5326406,Deer,Nov 8 2023,467,ACJ20240125,ACJ,20240130,added extra DNA/RNA shield,,ACJ,20240201,,20240304,Include
43,ELK:43,Y,"JF, PW",27-7-2022,10:30,Summer,cascade fire road south of scotch,Y,51.6291283,-115.8315404,Elk,Nov 8 2023,43,ACJ20240118,ACJ,20240119,,,BLC,20240122,,20240304,Include
44,YHT_ELK_OR80_13-6-2022,Y,BG,13-6-2022,10:20,Spring,Main Pasture YHT,N,51.74204,-115.56273,Elk,Nov 8 2023,44,ACJ20240219,ACJ,20240219,magbead protocol,12B,ACJ,20240221,,20240304,Include
45,,Y,BG,14-7-2022,12:30,Summer,YHT Pasture,N,51.742786,-115.558884,Elk,Nov 8 2023,45,ACJ20240219,ACJ,20240219,magbead protocol,12A,ACJ,20240221,,20240304,Include
46,,Y,"NB,BG",16-6-2022,9:20,Spring,Bighorn Flats,N,51.73378,-115.53444,Elk,Nov 8 2023,46,BLC20220827,ACJ,20240207,magbead protocol,3H,ACJ,20240208/20240214,,20240304,Include
47,ELK:47,Y,BG,16-6-2022,8:45,Spring,Bighorn,N,51.73542,-115.53513,Elk,Nov 8 2023,47,ACJ20240118,BLC,20240118,,,BLC,20240122,,20240304,Include
81,ELK:81,Y,NB,25-7-2022,10:45,Summer,Wildhorse Cutblocks,N,51.66065,-115.35595,Elk,Nov 8 2023,81,ACJ20240118,BLC,20240118,,,BLC,20240122,,20240304,Exclude
82,ELK:82,Y,BG,25-7-2022,10:47,Summer,Wildhorse Cutblocks,N,51.660693,-115.355323,Elk,Nov 8 2023,82,ACJ20240118,BLC,20240118,,,BLC,20240122,,20240304,Exclude
83,ELK:83,Y,"NB,BG",19-7-2022,12:40,Summer,Bow Lake,N,51.655941,-116.417303,Elk,Nov 8 2023,83,ACJ20240125,ACJ,20240125,,,ACJ,20240129 & 20240212,,20240304,Include
85,ELK:85,Y,"BG, SS",30-3-2023,11:48,Winter,YHT East Bighorn,N,51.743386,-115.532321,Elk,Nov 8 2023,85,ACJ20240118,BLC,20240118,,,BLC,20240122,,20240304,Include
87,ELK:87,Y,NB,24-7-2022,13:00,Summer,Dogrib,N,51.68761,-115.5816,Elk,Nov 8 2023,87,ACJ20240219,ACJ,20240219,magbead protocol,12C,ACJ,20240221,,20240304,Include
88,ELK:88,Y,"BG, SS",30-3-2023,9:32,Winter,YHT East Bighorn,N,51.744273,-115.537831,Elk,Nov 8 2023,88,ACJ20240219,ACJ,20240219,magbead protocol,3G,ACJ,20240221,,20240304,Include
95,ELK:95,Y,BG,24-7-2022,12:30,Summer,Dogrib,N,51.688455,-115.576998,Elk,Nov 8 2023,95,ACJ20240219,ACJ,20240219,magbead protocol,3A,ACJ,20240221,,20240304,Include
96,ELK:96,Y,BG,24-7-2022,12:20,Summer,Dogrib,N,51.688511,-115.576854,Elk,Nov 8 2023,96,BLC20220827,ACJ,20240207,magbead protocol,8H,ACJ,20240208/20240214,,20240304,Include
100,ELK:100,Y,BG,30-3-2023,9:54,Winter,YHT East Bighorn,N,51.745393,-115.528304,Elk,Nov 8 2023,100,ACJ20240125,ACJ,20240130,added extra DNA/RNA shield,,ACJ,20240201,,20240304,Include
109,ELK:109,Y,BG,2011-01-23,10:30,Winter,YHT Pasture,N,51.748565,-115.565209,Elk,Nov 8 2023,109,ACJ20240219,ACJ,20240219,magbead protocol,9G,ACJ,20240221,,20240304,Include
117,ELK:117,Y,"JF, BG",2011-01-23,10:55,Winter,YHT Pasture,N,51.748887,-115.565661,Elk,Nov 8 2023,117,BLC20220827,ACJ,20240207,magbead protocol,2G,ACJ,20240208/20240214,,20240304,Include
118,ELK:118,Y,"JF, BG",2011-01-23,10:30,Winter,YHT Pasture,N,51.748565,-115.565209,Elk,Nov 8 2023,118,BLC20220827,ACJ,20240207,magbead protocol,10B,ACJ,20240208/20240214,,20240304,Include
123,ELK:123,Y,"JF, BG",2011-01-23,10:45,Winter,YHT Pasture,N,51.748749,-115.5654155,Elk,Nov 8 2023,123,ACJ20240219,ACJ,20240219,magbead protocol,7F,ACJ,20240221,no show,,
129,ELK:129,Y,"JF, LA",17-5-2023,11:20,Spring,Mare Flats,N,51.737797,-115.5740103,Elk,Nov 8 2023,129,BLC20220827,ACJ,20240207,magbead protocol,9C,ACJ,20240208/20240214,,20240304,Include
138,ELK:138,Y,"JF,PW,LA",2012-07-23,10:15,Summer,Windy Pasture,Y,51.54043,-115.72696,Elk,Nov 8 2023,138,ACJ20240219,ACJ,20240219,"138 was duplicated in metadata. ""138"" written on sample tube. Kept ID number. Magbead protocol.",2B,ACJ,20240221,,20240304,Include
138.1,ELK:138,Y,"JF, LA",17-5-2023,11:08,Spring,Mare Flats,N,51.737702,-115.57575,Elk,Nov 8 2023,138.1,BLC20220827,ACJ,20240207,"138 was duplicated in metadata. ""138.1"" written on sample tube. Changed ID number in metadata to match sample tube (BLC 01/29/24); magbead protocol",8A,ACJ,20240208/20240214,,20240304,Include
139.2,ELK:139,Y,"JF, LA",17-5-2023,11:58,Spring,Mare Flats,N,51.7470796,-115.5740707,Elk,Nov 8 2023,139.2,BLC20220827,ACJ,20240207,"139 was duplicated in metadata. ""139.2"" written on sample tube. Changed ID number in metadata to match sample tube (BLC 01/29/24); magbead protocol",5E,ACJ,20240208/20240214,,20240304,Include
141,ELK:141,Y,BG,30-3-2023,12:05,Winter,YHT East Bighorn,N,51.741557,-115.535779,Elk,Nov 8 2023,141,ACJ20240125,ACJ,20240130,,,ACJ,20240201,,20240304,Include
142,ELK:142,Y,"BG, SS",30-3-2023,12:09,Winter,YHT East Bighorn,N,51.740548,-115.535253,Elk,Nov 8 2023,142,ACJ20240219,ACJ,20240219,magbead protocol,11C,ACJ,20240221,,20240304,Include
201,ELK:201,Y,"BG, SS",2003-04-23,9:00,Winter,YHT East Bighorn,N,51.739169,-115.533926,Elk,Nov 8 2023,201,ACJ20240219,ACJ,20240219,magbead protocol,5D,ACJ,20240221,faint,20240304,Include
202,ELK:202,Y,"BG, SS",2003-04-23,9:06,Winter,YHT East Bighorn,N,51.73963,-115.53359,Elk,Nov 8 2023,202,ACJ20240219,ACJ,20240219,magbead protocol,10E,ACJ,20240221; 20240227; 20240229,no show on first date; banding after additional cleaning; use PCR product from 20240229,20240304,Include
203,ELK:203,Y,"BG, SS",2003-04-23,9:11,Winter,YHT East Bighorn,N,51.739535,-115.533253,Elk,Nov 8 2023,203,ACJ20240219,ACJ,20240219,magbead protocol,1F,ACJ,20240221,faint,20240304,Include
204,ELK:204,Y,"BG, SS",2003-04-23,9:15,Winter,YHT East Bighorn,N,51.739465,-115.53331,Elk,Nov 8 2023,204,ACJ20240118,ACJ,20240124,,,ACJ,20240126,,20240304,Include
205,ELK:205,Y,"BG, SS",2003-04-23,9:21,Winter,YHT East Bighorn,N,51.739366,-115.533017,Elk,Nov 8 2023,205,BLC20220827,ACJ,20240207,magbead protocol,9F,ACJ,20240208/20240214,,20240304,Include
206,ELK:206,Y,"BG, SS",2003-04-23,9:26,Winter,YHT East Bighorn,N,51.739425,-115.532925,Elk,Nov 8 2023,206,BLC20220827,ACJ,20240207,magbead protocol,6D,ACJ,20240208/20240214,,20240304,Include
207,ELK:207,Y,"BG, SS",2003-04-23,9:31,Winter,YHT East Bighorn,N,51.73936,-115.53256,Elk,Nov 8 2023,207,BLC20220827,ACJ,20240207,magbead protocol,1C,ACJ,20240208/20240214,,20240304,Include
208,ELK:208,Y,"BG, SS",2003-04-23,9:36,Winter,YHT East Bighorn,N,51.739363,-115.532464,Elk,Nov 8 2023,208,ACJ20240219,ACJ,20240219,magbead protocol,7G,ACJ,20240221,,20240304,Include
209,ELK:209,Y,"BG, SS",2003-04-23,9:42,Winter,YHT East Bighorn,N,51.739278,-115.531876,Elk,Nov 8 2023,209,ACJ20240118,ACJ,20240124,,,ACJ,20240126,,20240304,Include
210,ELK:210,Y,"BG, SS",2003-04-23,9:50,Winter,YHT East Bighorn,N,51.739257,-115.531813,Elk,Nov 8 2023,210,BLC20220827,ACJ,20240207,magbead protocol,1B,ACJ,20240208/20240214,,20240304,Include
307,ELK:307,Y,"JF, LA",17-5-2023,11:20,Spring,Mare Flats,N,51.7378714,-115.5742186,Elk,Nov 8 2023,307,BLC20220827,ACJ,20240207,magbead protocol,2F,ACJ,20240208/20240214,,20240304,Include
308,ELK:308,Y,"CM, BG",16-06-2023,10:40,Spring,Hat road,N,51.764404,-115.546153,Elk,Nov 8 2023,308,ACJ20240219,ACJ,20240219,magbead protocol,1B,ACJ,20240221,,20240304,Include
316,ELK:316,Y,"JF, LA",17-5-2023,11:48,Spring,Mare Flats,N,51.7413997,-115.5742662,Elk,Nov 8 2023,316,ACJ20240219,ACJ,20240219,magbead protocol,6E,ACJ,20240221,,20240304,Include
325,ELK:325,Y,"JF, LA",18-5-2023,9:11,Spring,West Lakes,N,51.7183694,-115.6610735,Elk,Nov 8 2023,325,BLC20220827,ACJ,20240207,magbead protocol,4A,ACJ,20240208/20240214,,20240304,Include
327,ELK: 327,Y,"JF, LA",17-5-2023,12:11,Spring,Mare Flats,N,51.738914,-115.5746913,Elk,Nov 8 2023,327,BLC20220827,ACJ,20240207,magbead protocol,8C,ACJ,20240208/20240214,,20240304,Include
331,ELK:331,Y,"JF, LA, BG, MH, CM",21-5-2023,10:23,Spring,Scotch Meadows,Y,51.6646576,-115.8403485,Elk,Nov 8 2023,331,ACJ20240219,ACJ,20240219,magbead protocol,10H,ACJ,20240221,,20240304,Include
332,ELK:332,Y,"CM, BG",21-05-2023,10:30,Spring,Scotch meadows,Y,51.664762,-115.841068,Elk,Nov 8 2023,332,BLC20220827,ACJ,20240207,magbead protocol,3C,ACJ,20240208/20240214,,20240304,Include
334,ELK:334,Y,"BG, LA",29-06-2023,11:26,Spring,Scalp Creek CW Road,N,51.78765,-115.62818,Elk,Nov 8 2023,334,ACJ20240125,ACJ,20240130,added extra DNA/RNA shield,,ACJ,20240201,,20240304,Include
338,ELK:338,Y,JF,2002-06-23,12:00,Spring,Airstrip,N,51.2032949,-115.5445835,Elk,Nov 8 2023,338,BLC20220827,ACJ,20240207,magbead protocol,11B,ACJ,20240208/20240214,,20240304,Include
343,ELK:343,Y,"TV, CC",24-06-2023,17:34,Spring,Cadet Camp,N,51.21392,-115.53716,Elk,Nov 8 2023,343,BLC20220827,ACJ,20240207,magbead protocol,6A,ACJ,20240208/20240214,,20240304,Include
358,ELK:358,Y,"MF, LA",27-06-2023,9:34,Summer,Cadet Camp,N,51.2142666,-115.5357272,Elk,Nov 8 2023,358,ACJ20240219,ACJ,20240219,magbead protocol,8G,ACJ,20240221,,20240304,Include
360,ELK:360,Y,MF,29-06-2023,9:51,Spring,YHT Pasture,N,51.73807,-115.56415,Elk,Nov 8 2023,360,BLC20220827,ACJ,20240207,magbead protocol,11E,ACJ,20240208/20240214,,20240304,Include
362,ELK:362,Y,MF,29-06-2023,10:04,Spring,YHT Pasture,N,51.74042,-115.55866,Elk,Nov 8 2023,362,BLC20220827,ACJ,20240207,magbead protocol,4B,ACJ,20240208/20240214,,20240304,Include
364,ELK:364,Y,MF,29-06-2023,16:43,Spring,YHT Pasture,N,51.73807,-115.56415,Elk,Nov 8 2023,364,BLC20220827,ACJ,20240207,magbead protocol,6C,ACJ,20240208/20240214,,20240304,Include
370,ELK:370,Y,LA,22-6-2023,9:20,Spring,Cadet Camp,N,51.2150216,-115.5339187,Elk,Nov 8 2023,370,ACJ20240219,ACJ,20240219,magbead protocol,8A,ACJ,20240221,,20240304,Include
371,ELK:371,Y,MF,29-06-2023,9:58,Spring,YHT Pasture,N,51.74042,-115.55866,Elk,Nov 8 2023,371,BLC20220827,ACJ,20240207,magbead protocol,7E,ACJ,20240208/20240214,,20240304,Include
377,ELK:377,Y,"JF,LA",27-06-2023,9:43,Summer,Cadet Camp,N,51.2142948,-115.535233,Elk,Nov 8 2023,377,BLC20220827,ACJ,20240207,magbead protocol,6F,ACJ,20240208/20240214,,20240304,Include
382,ELK:382,Y,"JF,MF",29-06-2023,10:00,Summer,YHT Pasture,N,51.7403889,-115.5586835,Elk,Nov 8 2023,382,BLC20220827,ACJ,20240207,magbead protocol,6B,ACJ,20240208/20240214,,20240304,Include
385,ELK:385,Y,"JF, LA",15-6-2023,11:00,Spring,Tyrell Flats,Y,51.6737488,-115.793408,Elk,Nov 8 2023,385,BLC20220827,ACJ,20240207,magbead protocol,12A,ACJ,20240208/20240214,,20240304,Include
396,ELK:396,Y,JF,15-6-2023,7:00,Spring,Big Horn,N,51.7338048,-115.5502819,Elk,Nov 8 2023,396,ACJ20240118,ACJ,20240124,,,ACJ,20240126,,20240304,Include
397,ELK:397,Y,"JF, LA",15-6-2023,10:44,Spring,Tyrell Flats,Y,51.6736896,-115.7933788,Elk,Nov 8 2023,397,ACJ20240219,ACJ,20240219,magbead protocol,6A,ACJ,20240221,,20240304,Include
399,ELK:399,Y,"JF,MF",29-06-2023,9:45,Summer,YHT Pasture,N,51.7403479,-115.5585785,Elk,Nov 8 2023,399,ACJ20240219,ACJ,20240219,magbead protocol,8B,ACJ,20240221,,20240304,Include
401,ELK:401,Y,"JF,MF",29-06-2023,9:50,Summer,YHT Pasture,N,51.7402604,-115.5584488,Elk,Nov 8 2023,401,ACJ20240118,ACJ,20240124,,,ACJ,20240126,,20240304,Include
402,ELK:402,Y,JF,2002-07-23,11:15,Summer,Tyrell Pass,Y,51.76484,-115.84753,Elk,Nov 8 2023,402,ACJ20240219,ACJ,20240219,magbead protocol,2F,ACJ,20240221,,20240304,Include
412,ELK:412,Y,"PW,JF,LA",2007-07-23,16:50,Summer,Wigmore,Y,51.484795,-115.702326,Elk,Nov 8 2023,412,ACJ20240118,ACJ,20240124,,,ACJ,20240126,,20240304,Include
414,ELK:414,Y,"JF,PW,LA",2012-07-23,10:15,Summer,Windy Pasture,Y,51.54043,-115.72696,Elk,Nov 8 2023,414,ACJ20240219,ACJ,20240219,magbead protocol,5G,ACJ,20240221,no show,,
421,ELK:421,Y,"JF,LA",2010-07-23,13:11,Summer,5km N. of Windy,Y,51.5642041,-115.7901049,Elk,Nov 8 2023,421,ACJ20240118,ACJ,20240124,,,ACJ,20240126,,20240304,Include
425,ELK:425,Y,"SS, BG",30-07-2023,12:38,Summer,West Lakes,N,51.722776,-115.664748,Elk,Nov 8 2023,425,ACJ20240219,ACJ,20240219,magbead protocol,1G,ACJ,20240221,,20240304,Include
428,ELK:428,Y,JF,30-07-2023,15:15,Summer,YHT Pasture,N,51.7414348,-115.5552346,Elk,Nov 8 2023,428,ACJ20240118,ACJ,20240125,Added more DNA/RNA shield (400 uL),,ACJ,20240129 & 20240212,,20240304,Include
433,ELK:433,Y,BG,18-08-2023,13:16,Summer,Coal Camp east of deer creek,N,51.64714,-115.10049,Elk,Nov 8 2023,433,ACJ20240219,ACJ,20240219,magbead protocol,9A,ACJ,20240221,,20240304,Exclude
439,ELK:439,Y,"LA, SS",29-07-2023,16:08,Summer,Walker's Ridge,N,51.7366281,-115.5200705,Elk,Nov 8 2023,439,ACJ20240219,ACJ,20240219,magbead protocol,12E,ACJ,20240221,,20240304,Include
453,ELK:453,Y,BG,2001-08-23,15:20,Summer,Stud creek,N,51.73206,-115.66784,Elk,Nov 8 2023,453,ACJ20240125,ACJ,20240125,,,ACJ,20240129 & 20240212,,20240304,Include
461,ELK:461,Y,"BG, TM",27-07-2023,9:40,Summer,YHT Pasture,N,51.74869,-115.57124,Elk,Nov 8 2023,461,ACJ20240219,ACJ,20240219,magbead protocol,9D,ACJ,20240221,,20240304,Include
15,ELK2,Y,JF,2012-05-22,21:00,Spring,Scotch Pasture,Y,51.664648,-115.839567,Elk,Nov 8 2023,15ELK,ACJ20240125,ACJ,20240125,,,ACJ,20240129 & 20240212,,20240304,Include
18,YHT_ELK_YL214_19-5-2022,Y,"BG, NB",19-5-2022,11:27,Spring,Main Pasture YHT,N,51.740518,-115.552409,Elk,Nov 8 2023,18ELK,ACJ20240219,ACJ,20240219,magbead protocol,1D,ACJ,20240221,,20240304,Include
19,YHT_ELK_WHA,Y,BG,28-5-2022,9:30,Spring,Wildhorse Flats,N,51.661624,-115.389616,Elk,Nov 8 2023,19ELK,ACJ20240118,ACJ,20240119,,,BLC,20240122,,20240304,Exclude
20,YHT_ELK_WHB,Y,BG,28-5-2022,9:50,Spring,Wildhorse Flats,N,51.66263,-115.380442,Elk,Nov 8 2023,20ELK,BLC20220827,ACJ,20240207,magbead protocol,10F,ACJ,20240208/20240214,,20240304,Exclude
21,ELK:21,Y,"JF, NB, BG",2008-06-22,16:45,Spring,Ya Ha Tinda,N,51.734271,-115.568799,Elk,Nov 8 2023,21ELK,ACJ20240118,BLC,20240118,,,BLC,20240122,,20240304,Include
223B,ELK:223,Y,"JF, LA, BG, MH, CM",21-5-2023,10:30,Spring,Scotch Meadow,Y,51.6646576,-115.8403483,Elk,Nov 8 2023,223B,BLC20220827,ACJ,20240207,"Duplicate sample ID (223), so added ""223B"" on tube label as Jonathan was able to work out which was which based on handwriting; magbead protocol",10A,ACJ,20240208/20240214,,20240304,Include
22,YHT_ELK_2,Y,JF,2008-06-22,17:17,Spring,Ya Ha Tinda Pasture,N,51.742431,-115.560329,Elk,Nov 8 2023,22ELK,ACJ20240219,ACJ,20240219,magbead protocol,4A,ACJ,20240221,,20240304,Include
23,YHT_ELK_EAST_6-6-2022,Y,NB,2006-06-22,10:00,Spring,Panther Cutblocks,N,51.65211,-115.294123,Elk,Nov 8 2023,23ELK,ACJ20240219,ACJ,20240219,magbead protocol,6D,ACJ,20240221,,20240304,Exclude
25,YHT_ELK_EAST_8-6-2022,Y,"BG, NB",2008-06-22,9:20,Spring,Wildhorse Ridge,N,51.666587,-115.390915,Elk,Nov 8 2023,25ELK,ACJ20240118,BLC,20240118,,,BLC,20240122,,20240304,Exclude
47,ELK:47,,BG,16-6-2022,8:45,Spring,Bighorn,N,51.73542,-115.53513,Elk,,47ELK,BIOL1515_2022,BIOL1515_2022,,,,BIOL1515_2022,,,,Include
16,ELK:16,,JF,28-5-2022,9:50,Spring,Barrier Drift Fence North,Y,51.617483,-115.595718,Elk,,ELK16,BIOL1515_2022,BIOL1515_2022,,,,BIOL1515_2022,,,,Include
17,ELK: 17,,"BG, NB",19-5-2022,11:30,Spring,,N,51.740518,-115.552423,Elk,2014-09-22,ELK17,ACJ20240131,ACJ,20240429,added extra DNA/RNA shield; HRC filter failed; first extracted in BIOL1515 2022 class,,ACJ,20240501,,July 2024 Shipment,Include
24,ELK:24,,NB,6-6-2022,11:30,Spring,Mare Flat,N,51.733929,-115.551852,Elk,,ELK24,BIOL1515_2022,BIOL1515_2022,,,,BIOL1515_2022,,,,Include
44,YHT_ELK_OR80_13-6-2022,,BG,13-6-2022,10:20,Spring,Main Pasture YHT,N,51.74204,-115.56273,Elk,,ELK44,BIOL1515_2022,BIOL1515_2022,,,,BIOL1515_2022,,,,Include
45,ELK:45,,BG,14-7-2022,12:30,Summer,YHT Pasture,N,51.742786,-115.558884,Elk,,ELK45,BIOL1515_2022,BIOL1515_2022,,,,BIOL1515_2022,,,,Include
46,ELK:46,,"NB,BG",16-6-2022,9:20,Spring,Bighorn Flats,N,51.73378,-115.53444,Elk,,ELK46,BIOL1515_2022,BIOL1515_2022,,,,BIOL1515_2022,,,,Include
48,ELK:48,,BG,14-7-2022,12:45,Summer,YHT Pasture,N,51.743894,-115.558835,Elk,,ELK48,BIOL1515_2022,BIOL1515_2022,,,,BIOL1515_2022,,,,Include
49,ELK:49,,BG,16-6-2022,9:20,Spring,Bighorn Flats,N,51.73404,-115.53532,Elk,,ELK49,BIOL1515_2022,BIOL1515_2022,,,,BIOL1515_2022,,,,Include
54,ELK:54,,"JF, PW",27-7-2022,11:00,Summer,cascade fire road south of scotch,Y,51.625062,-115.828493,Elk,,ELK54,BIOL1515_2022,BIOL1515_2022,,,,BIOL1515_2022,,,,Include
75,ELK:75,,JF,24-7-2022,15:04,Summer,1km east of Scotch pasture,Y,51.667463,-115.816518,Elk,,ELK75,BIOL1515_2022,BIOL1515_2022,,,,BIOL1515_2022,,,,Include
84,ELK:84,N,"NB,BG",19-7-2022,13:10,Summer,Bow Lake,N,51.655903,-116.416925,Elk,Nov 8 2023,,,,,Sample present in metadata but not in inventory,,,,,,
119,FH:119,Y,BG,15-3-2023,13:27,Winter,Labyrinth Burn,N,51.67414,-115.437905,FeralHorse,Nov 8 2023,119,ACJ20240219,ACJ,20240219,magbead protocol,7D,ACJ,20240221; 20240227; 20240229,no show on first date; banding after additonal cleaning; use PCR product from 20240229,20240304,Exclude
140,FH:140,Y,BG,15-3-2023,14:52,Winter,Labyrinth Burn,N,51.66531,-115.416095,FeralHorse,Nov 8 2023,140,ACJ20240219,ACJ,20240219,magbead protocol,6F,ACJ,20240221,,20240304,Exclude
144,FH:144,Y,BG,15-3-2023,12:35,Winter,Labyrinth Burn,N,51.669108,-115.429448,FeralHorse,Nov 8 2023,144,BLC20220827,ACJ,20240207,magbead protocol,11G,ACJ,20240208/20240214/20240227/20240229,no show on first two dates; banding after additonal cleaning; use PCR product from 20240229,20240304,Exclude
147,FH:147,Y,BG,15-3-2023,12:30,Winter,Labyrinth Burn,N,51.664715,-115.414027,FeralHorse,Nov 8 2023,147,ACJ20240219,ACJ,20240219,magbead protocol,8D,ACJ,20240221,no show,,
214,FH:214,Y,"BG, SS",2003-04-23,16:07,Winter,Wigwam Road,N,51.644349,-115.258235,FeralHorse,Nov 8 2023,214,ACJ20240118,ACJ,20240124,,,ACJ,20240126,no show,,
215,FH:215,Y,"BG, SS",2003-04-23,16:15,Winter,Wigwam Road,N,51.64443,-115.257007,FeralHorse,Nov 8 2023,215,ACJ20240219,ACJ,20240219,magbead protocol,10C,ACJ,20240221,,20240304,Exclude
216,FH:216,Y,"BG, SS",2003-04-23,16:40,Winter,Mountain Aire,N,51.648441,-115.256068,FeralHorse,Nov 8 2023,216,ACJ20240219,ACJ,20240219,magbead protocol,1E,ACJ,20240221,,20240304,Exclude
217,FH:217,Y,"BG, SS",2003-04-23,17:30,Winter,Labyrinth Burn,N,51.668161,-115.432177,FeralHorse,Nov 8 2023,217,ACJ20240219,ACJ,20240219,magbead protocol,8H,ACJ,20240221,,20240304,Exclude
218,FH:218,Y,BG,15-4-2023,17:37,Winter,Wildhorse Flats,N,51.657667,-115.378712,FeralHorse,Nov 8 2023,218,BLC20220827,ACJ,20240207,magbead protocol,4H,ACJ,20240208/20240214,,20240304,Exclude
219,FH:219,Y,BG,15-4-2023,18:10,Winter,Mountain Aire,N,51.660651,-115.297563,FeralHorse,Nov 8 2023,219,ACJ20240219,ACJ,20240219,magbead protocol,7H,ACJ,20240221,,20240304,Exclude
305,FH:305,Y,"CM, BG, MH",17-5-2023,12:15,Spring,North Trunk Road Meadow,N,51.662926,-115.266359,FeralHorse,Nov 8 2023,305,BLC20220827,ACJ,20240207,magbead protocol,12E,ACJ,20240208/20240214,,20240304,Exclude
313,FH:313,Y,"CM, BG, MH",17-5-2023,12:20,Spring,North Trunk Road Meadow,N,51.662949,-115.266734,FeralHorse,Nov 8 2023,313,BLC20220827,ACJ,20240207,magbead protocol,9B,ACJ,20240208/20240214,,20240304,Exclude
345,FH:345,Y,SM,18-07-2023,13:50,Summer,Waiprous creek PRA,N,51.389652,-114.983687,FeralHorse,Nov 8 2023,345,BLC20220827,ACJ,20240207,magbead protocol,4E,ACJ,20240208/20240214,,20240304,Exclude
347,FH:347,Y,KB,26-06-2023,13:39,Spring,Sundre/HW 748,N,51.663742,-115.12298,FeralHorse,Nov 8 2023,347,BLC20220827,ACJ,20240207,magbead protocol,4F,ACJ,20240208/20240214,,20240304,Exclude
349,FH:349,Y,ILT,16-06-2023,10:54,Spring,Benjamin Creek Road,N,51.550056,-115.016472,FeralHorse,Nov 8 2023,349,ACJ20240125,ACJ,20240130,,,ACJ,20240201,,20240304,Exclude
441,FH:441,Y,BG,18-08-2023,12:00,Summer,Panther Cutblock,N,51.65027,-115.30838,FeralHorse,Nov 8 2023,441,BLC20220827,ACJ,20240207,magbead protocol,8B,ACJ,20240208/20240214,,20240304,Exclude
444,FH:444,Y,BG,18-08-2023,12:20,Summer,Panther Cutblock,N,51.64872,-115.30927,FeralHorse,Nov 8 2023,444,ACJ20240125,ACJ,20240125,,,ACJ,20240129 & 20240212,,20240304,Exclude
447,FH:447,Y,BG,18-08-2023,12:47,Summer,Panther cutblock,N,51.65286,-115.29593,FeralHorse,Nov 8 2023,447,ACJ20240219,ACJ,20240219,magbead protocol,11E,ACJ,20240221,,20240304,Exclude
G331,Goat:331,Y,MW,2012-06-23,12:53,Spring,Lake O'hara,N,51.346743,-116.360902,Goat,Nov 8 2023,G331,ACJ20240118,ACJ,20240124,"not to be confused with regular ""331"" which is ELK. Added ""G"" to lysis tube.",,ACJ,20240126,,20240304,Include
G332,Goat:332,Y,MW,21-06-2023,14:21,Spring,Chancellor Peak YNP,N,51.217145,116.549866,Goat,Nov 8 2023,G332,ACJ20240118,ACJ,20240124,"not to be confused with regular ""332"" which is ELK. Added ""G"" to lysis tube.",,ACJ,20240126,,20240304,Include
G335,Goat:335,Y,MW,2006-07-23,11:26,Summer,Lake O'hara,N,51.342681,-116.359838,Goat,Nov 8 2023,G335,BLC20220827,ACJ,20240207,magbead protocol,1A,ACJ,20240208/20240214,,20240304,Include
368,MOO:368,Y,"JF,LA",17-6-2023,15:15,Spring,Divide,Y,51.716048,-115.9048551,Moose,Nov 8 2023,368,ACJ20240219,ACJ,20240219,magbead protocol,4E,ACJ,20240221,,20240304,Include
375,MOO:375,Y,"LD, WC",2001-07-23,15:00,Summer,CP Mile 83.7,N,51.172729,-115.611976,Moose,Nov 8 2023,375,ACJ20240219,ACJ,20240219,magbead protocol,2C,ACJ,20240221,,20240304,Include
452,MD:452,Y,JF,2024-05-23,11:00,Spring,Carrot Creek,N,51.15401,-115.40256,Deer,May 27 2024,452,HKH20240517,ACJ,20240611,,,ACJ/MT,20240618,,July 2024 Shipment,Include
374,WTD:374,Y,"JF, SS",2024-05-21,17:40,Spring,Scotch SW Corner,Y,51.66305,-115.83864,Deer,May 27 2024,374,HKH20240517,ACJ,20240611,,,ACJ/MT,20240618,,July 2024 Shipment,Include
379,WTD:379,Y,JF,2024-05-24,10:20,Spring,Old buffalo paddock,N,51.200887,-115.550786,Deer,May 27 2024,379,HKH20240517,ACJ,20240611,,,ACJ/MT,20240618,,July 2024 Shipment,Include
456,WTD:456,Y,JF,2024-05-24,10:00,Spring,Old buffalo paddock,N,51.199426,-115.551209,Deer,May 27 2024,456,HKH20240517,ACJ,20240611,,,ACJ/MT,20240618,,July 2024 Shipment,Include
301,WTD:301,Y,JF,2002-06-23,11:45,Spring,Airstrip,N,51.201691,-115.546869,Deer,Nov 8 2023,301,BLC20220827,ACJ,20240207,magbead protocol,1H,ACJ,20240208/20240214,,20240304,Include
386,WTD:386,Y,"JF, LA",15-6-2023,10:55,Spring,Tyrell Flats,Y,51.6736255,-115.793295,Deer,Nov 8 2023,386,ACJ20240125,ACJ,20240130,added extra DNA/RNA shield,,ACJ,20240201,,20240304,Include
38,WTD1,Y,JF,25-5-2022,15:20,Spring,Panther Corners,N,51.619062,-115.469547,Deer,Nov 8 2023,38WTD,ACJ20240118,BLC,20240118,,,BLC,20240122,,20240304,Include
91,HOR:91,Y,PW,2004-04-23,19:30,Winter,Ya Ha Tinda,N,51.741392,-115.556433,YHTHorse,Nov 8 2023,91,ACJ20240219,ACJ,20240219,magbead protocol,11D,ACJ,20240221,faint,20240304,Exclude
93,HOR:93,Y,PW,2004-04-23,19:34,Winter,Ya Ha Tinda,N,51.741392,-115.556433,YHTHorse,Nov 8 2023,93,BLC20220827,ACJ,20240207,magbead protocol,12B,ACJ,20240208/20240214,,20240304,Exclude
133,HOR:133,Y,"PW, MW",24-03-2023,9:20,Winter,YHT,N,51.74299,-115.541481,YHTHorse,Nov 8 2023,133,ACJ20240219,ACJ,20240219,magbead protocol,2D,ACJ,20240221,,20240304,Exclude
134,HOR:134,Y,"PW, MW",24-03-2023,9:36,Winter,YHT,N,51.748035,-115.541359,YHTHorse,Nov 8 2023,134,BLC20220827,ACJ,20240207,magbead protocol,1G,ACJ,20240208/20240214,,20240304,Exclude
135,HOR:135,Y,"PW, MW",24-03-2023,9:52,Winter,YHT,N,51.748272,-115.543777,YHTHorse,Nov 8 2023,135,ACJ20240125,ACJ,20240130,,,ACJ,20240201,,20240304,Exclude
303,HOR:303,Y,"JF, LA",17-5-2023,10:17,Spring,Big Horn Area,N,51.7365585,-115.5490926,YHTHorse,Nov 8 2023,303,BLC20220827,ACJ,20240207,magbead protocol,8D,ACJ,20240208/20240214,,20240304,Exclude
304,HOR:304,Y,"JF, LA",17-5-2023,10:12,Spring,Big Horn Area,N,51.7360399,-115.5494209,YHTHorse,Nov 8 2023,304,ACJ20240125,ACJ,20240130,added more DNA/RNA shield,,ACJ,20240201,,20240304,Exclude
306,HOR:306,Y,"JF, LA",17-5-2023,10:30,Spring,Big Horn Area,N,51.7360399,-115.5494209,YHTHorse,Nov 8 2023,306,BLC20220827,ACJ,20240207,magbead protocol,2D,ACJ,20240208/20240214,,20240304,Exclude
314,HOR:314,Y,"CM, BG",17-06-2023,9:53,Spring,N. Forestry Road,N,51.759192,-115.372873,YHTHorse,Nov 8 2023,314,BLC20220827,ACJ,20240207,magbead protocol,6H,ACJ,20240208/20240214,,20240304,Exclude
337,HOR:337,Y,"MF, JF",29-06-2023,9:20,Summer,YHT Pasture,N,51.73807,-115.56415,YHTHorse,Nov 8 2023,337,ACJ20240125,ACJ,20240125,added more DNA/RNA shield (400 uL),,ACJ,20240129 & 20240212,,20240304,Exclude
342,HOR:342,Y,"JF, MF",29-6-2023,9:20,Spring,YHT Pasture,N,51.73807,-115.56415,YHTHorse,Nov 8 2023,342,ACJ20240125,ACJ,20240125,added more DNA/RNA shield (400 uL),,ACJ,20240129 & 20240212,,20240304,Exclude
344,HOR344,Y,"DW, AF",30-08-2023,17:15,Summer,YHT cutblock,N,51.753114,-115.607336,YHTHorse,Nov 8 2023,344,ACJ20240219,ACJ,20240219,magbead protocol,11B,ACJ,20240221,,20240304,Exclude
348,HOR:348,Y,"DW, AF",30-08-2023,17:18,Summer,YHT cutblock,N,51.753114,-115.607336,YHTHorse,Nov 8 2023,348,ACJ20240219,ACJ,20240219,magbead protocol,10D,ACJ,20240221,,20240304,Exclude
363,HOR:363,Y,"MF, JF",2029-06-23,9:09,Spring,YHT Pasture,N,51.738136,-115.564215,YHTHorse,Nov 8 2023,363,ACJ20240118,ACJ,20240124,Added extra DNA/RNA shield (400 uL),,ACJ,20240126,,20240304,Exclude
367,HOR:367,Y,"MF,JF",29-06-2023,9:22,Summer,YHT Pasture,N,51.73807,-115.56415,YHTHorse,Nov 8 2023,367,ACJ20240219,ACJ,20240219,magbead protocol,4G,ACJ,20240221,,20240304,Exclude
383,HOR:383,Y,"MF,JF",29-06-2023,9:13,Summer,YHT Pasture,N,51.73807,-115.56415,YHTHorse,Nov 8 2023,383,ACJ20240219,ACJ,20240219,magbead protocol,2G,ACJ,20240221,,20240304,Exclude
420,HOR:420,Y,"DW, AF",30-08-2023,17:37,Summer,YHT cutblock,N,51.753114,-115.607336,YHTHorse,Nov 8 2023,420,BLC20220827,ACJ,20240207,magbead protocol,5F,ACJ,20240208/20240214,,20240304,Exclude
430,HOR:430,Y,"DW, AF",30-8-2023,17:30,Summer,YHT cutblock,N,51.753114,-115.607336,YHTHorse,Nov 8 2023,430,ACJ20240219,ACJ,20240219,magbead protocol,10G,ACJ,20240221,,20240304,Exclude
373,,Y,,,,,,,,,,,,ACJ20240125,ACJ,20240131,"Found tube in inventory, but not present in metadata; do not sequence",,ACJ,20240201,,,
